Liczba krokow,Liczba watków,Czas (s),Przyblizona liczba PI
100000000,1,0.47559,3.14159
100000000,2,0.251753,3.14159
100000000,3,0.190751,3.14159
100000000,4,0.214379,3.14159
100000000,5,0.147654,3.14159
100000000,6,0.121648,3.14159
100000000,7,0.10246,3.14159
100000000,8,0.108308,3.14159
100000000,9,0.106729,3.14159
100000000,10,0.0949373,3.14159
100000000,11,0.0940883,3.14159
100000000,12,0.106726,3.14159
100000000,13,0.10081,3.14159
